{"valid_MulticlassAccuracy":0.7283707857131958,"_wandb":{"runtime":72},"train_MulticlassPrecision":0.6215346455574036,"train_model_time":0.08619022369384766,"_runtime":72,"valid_MulticlassPrecision":0.7429631948471069,"valid_avg_model_time":0.017253676429390907,"train_avg_loss":1.3525844812393188,"train_loss":1.4014956951141357,"valid_model_time":0.01655411720275879,"train_avg_model_time":0.08873047679662704,"lr-Adam":2.8323004340856804e-06,"trainer/global_step":109,"train_MulticlassAccuracy":0.6194252371788025,"train_MulticlassF1Score":0.6138027906417847,"_step":111,"_timestamp":1.780829183227508e+09,"valid_loss":1.234804630279541,"valid_avg_loss":0.9784455895423889,"valid_MulticlassF1Score":0.712849497795105,"train_MulticlassRecall":0.6194252371788025,"valid_MulticlassRecall":0.7283707857131958,"epoch":4}